timestamp,shoulder_x,shoulder_y,shoulder_conf,elbow_x,elbow_y,elbow_conf,wrist_x,wrist_y,wrist_conf
2026-09-15 22:17:32.905479,467.796142578125,420.31878662109375,0.8965170383453369,519.7479248046875,480.0,0.0841234028339386,486.5697326660156,464.4639587402344,0.06779274344444275
2026-09-15 22:17:33.195409,464.0184326171875,406.03729248046875,0.9040911793708801,526.3984985351562,480.0,0.08465026319026947,491.92230224609375,469.5679931640625,0.06825673580169678
2026-09-15 22:17:33.354702,464.70086669921875,406.32708740234375,0.9000415802001953,527.4375610351562,480.0,0.0823570191860199,492.46466064453125,468.3747863769531,0.06839119642972946
2026-09-15 22:17:33.516492,464.2071838378906,408.7442626953125,0.8943346738815308,526.2601928710938,480.0,0.07526319473981857,491.99725341796875,467.82098388671875,0.06421229243278503
2026-09-15 22:17:33.631490,465.2425842285156,409.5611572265625,0.8970929980278015,529.0150146484375,480.0,0.07163174450397491,494.87744140625,468.9949951171875,0.05991208180785179
2026-09-15 22:17:33.740162,465.04742431640625,410.1101989746094,0.8948183655738831,527.4639892578125,480.0,0.07249028980731964,491.38751220703125,467.60260009765625,0.06274167448282242
2026-09-15 22:17:33.856853,465.4710388183594,408.34613037109375,0.8962143063545227,527.396728515625,480.0,0.07099936157464981,491.76019287109375,466.1217956542969,0.0619652234017849
2026-09-15 22:17:33.972608,463.96856689453125,408.172607421875,0.896149754524231,525.8348999023438,480.0,0.07706428319215775,488.4211120605469,466.7025451660156,0.06697127223014832
2026-09-15 22:17:34.082918,464.3395690917969,407.6479797363281,0.8987628221511841,528.0230102539062,480.0,0.07741564512252808,489.7713623046875,470.1495361328125,0.06588442623615265
2026-09-15 22:17:34.188270,463.7983703613281,408.0035705566406,0.902187705039978,529.2406005859375,480.0,0.08052710443735123,494.274169921875,467.62603759765625,0.06786798685789108
2026-09-15 22:17:34.295822,466.010498046875,409.0203857421875,0.8933634757995605,528.337646484375,480.0,0.0687658041715622,490.48236083984375,468.67059326171875,0.057701271027326584
2026-09-15 22:17:34.401366,463.4805908203125,406.9945068359375,0.8992302417755127,527.3582763671875,480.0,0.07673253118991852,490.964599609375,469.66693115234375,0.061361391097307205
2026-09-15 22:17:34.508761,461.99755859375,406.77789306640625,0.8988029360771179,526.3726196289062,480.0,0.07971442490816116,494.12225341796875,468.3401794433594,0.0659303218126297
2026-09-15 22:17:34.606458,463.84912109375,406.651611328125,0.9040810465812683,528.3778076171875,480.0,0.08380908519029617,495.81500244140625,469.3811950683594,0.06937699764966965
2026-09-15 22:17:34.715638,463.3892822265625,407.1748352050781,0.9146718978881836,522.6611328125,480.0,0.10234949737787247,487.20751953125,467.6363220214844,0.08163280785083771
2026-09-15 22:17:34.821238,465.64813232421875,402.69073486328125,0.8866894245147705,524.0689086914062,480.0,0.07609029114246368,501.1604919433594,471.15771484375,0.06281014531850815
2026-09-15 22:17:34.926208,464.8997802734375,405.30438232421875,0.9236559271812439,522.0960693359375,480.0,0.11247863620519638,481.41180419921875,470.133544921875,0.08367345482110977
2026-09-15 22:17:35.027952,463.8140563964844,403.7340087890625,0.9080908298492432,524.1699829101562,480.0,0.08723394572734833,489.5355224609375,470.2547912597656,0.06958306580781937
2026-09-15 22:17:35.129842,469.6854248046875,402.17034912109375,0.9198623299598694,539.6072998046875,480.0,0.08695681393146515,515.4920043945312,462.8851013183594,0.06434894353151321
2026-09-15 22:17:35.239444,469.7594909667969,398.0062255859375,0.924365222454071,547.8399658203125,477.9126281738281,0.12930092215538025,526.8045043945312,456.8126220703125,0.11553356051445007
2026-09-15 22:17:35.344645,464.054443359375,384.80865478515625,0.9118050336837769,567.1478881835938,442.0745544433594,0.16621235013008118,542.9901123046875,437.5987243652344,0.16781872510910034
2026-09-15 22:17:35.449117,466.184326171875,390.81207275390625,0.9296712875366211,541.2135009765625,448.32275390625,0.18494440615177155,527.0986328125,427.7937316894531,0.1712234616279602
2026-09-15 22:17:35.553478,463.3593444824219,383.6468811035156,0.9400278925895691,562.8121948242188,428.65472412109375,0.3442275822162628,548.453369140625,422.0433349609375,0.33726394176483154
2026-09-15 22:17:35.656505,480.680419921875,397.1741943359375,0.946445882320404,560.48193359375,471.40728759765625,0.15914775431156158,529.7439575195312,426.3689270019531,0.1306183934211731
2026-09-15 22:17:35.795138,473.48016357421875,381.50311279296875,0.9450350999832153,578.4434814453125,440.8296203613281,0.3209228515625,567.659423828125,435.57281494140625,0.32439786195755005
2026-09-15 22:17:35.913386,500.85638427734375,261.5846252441406,0.9882997274398804,606.4688720703125,351.4276123046875,0.8471937775611877,575.795654296875,403.3047790527344,0.7921194434165955
2026-09-15 22:17:36.014463,512.8294067382812,219.9001922607422,0.9899555444717407,627.9072875976562,334.10272216796875,0.9401029348373413,630.824462890625,410.4923400878906,0.873517632484436
2026-09-15 22:17:36.127836,516.969482421875,211.06387329101562,0.9924029111862183,637.3602294921875,333.98370361328125,0.9411492347717285,628.2997436523438,393.3423767089844,0.8830747604370117
2026-09-15 22:17:36.232698,525.76611328125,168.430419921875,0.9909132719039917,617.7597045898438,307.20709228515625,0.9791430234909058,636.443115234375,358.1916809082031,0.9546101689338684
2026-09-15 22:17:36.336946,521.1998291015625,164.74765014648438,0.9937494993209839,621.744384765625,302.360595703125,0.9776158928871155,634.8864135742188,336.9662780761719,0.9566876888275146
2026-09-15 22:17:36.444119,514.525634765625,165.92852783203125,0.9916943907737732,619.993896484375,290.41339111328125,0.9437308311462402,626.9276733398438,327.9294738769531,0.9051669836044312
2026-09-15 22:17:36.546574,507.473388671875,196.80014038085938,0.9948045611381531,623.6539916992188,315.6585693359375,0.935601532459259,620.7659912109375,357.2455749511719,0.881391167640686
2026-09-15 22:17:36.667407,494.56317138671875,218.61312866210938,0.9905151128768921,611.3360595703125,321.8270263671875,0.8522847890853882,620.5247192382812,295.3828125,0.8297702670097351
2026-09-15 22:17:36.778673,493.14837646484375,225.9018096923828,0.9908127188682556,621.98974609375,349.12213134765625,0.8291403651237488,608.7294921875,323.9732971191406,0.7307748198509216
2026-09-15 22:17:36.894532,488.6098327636719,223.6844024658203,0.9931600093841553,620.2799072265625,339.2662658691406,0.8920518159866333,607.004150390625,323.7808837890625,0.8123332262039185
2026-09-15 22:17:37.016864,485.56195068359375,238.3278045654297,0.9852345585823059,616.2816772460938,342.8416748046875,0.6965228915214539,630.841064453125,303.3261413574219,0.6427381038665771
2026-09-15 22:17:37.123265,484.12030029296875,236.5453338623047,0.9866862297058105,612.2947998046875,341.29302978515625,0.7255483865737915,626.0906372070312,308.6576232910156,0.6740846633911133
2026-09-15 22:17:37.261555,491.06781005859375,241.55203247070312,0.9849880337715149,610.125732421875,337.050048828125,0.6858928799629211,591.8214111328125,316.9826354980469,0.6591710448265076
2026-09-15 22:17:37.386004,485.52508544921875,267.4284362792969,0.9907008409500122,602.2745361328125,371.8296813964844,0.8534752130508423,619.60205078125,358.85565185546875,0.7889601588249207
2026-09-15 22:17:37.489716,495.514892578125,263.82568359375,0.9907728433609009,618.6885986328125,385.116943359375,0.8397158980369568,625.6160888671875,439.28924560546875,0.6560752987861633
2026-09-15 22:17:37.591715,491.1199645996094,270.166748046875,0.9910007119178772,607.02490234375,387.3771667480469,0.8512027859687805,622.8082275390625,455.86663818359375,0.6551445126533508
2026-09-15 22:17:37.698533,490.3804626464844,272.61175537109375,0.9904659986495972,596.8740844726562,391.30255126953125,0.8327701091766357,619.1277465820312,442.36895751953125,0.6309509873390198
2026-09-15 22:17:37.810534,492.6790771484375,286.97369384765625,0.98406583070755,574.2470703125,435.75836181640625,0.6358782649040222,594.6846923828125,450.8760681152344,0.40971702337265015
2026-09-15 22:17:37.920721,488.37445068359375,285.141845703125,0.9827423095703125,546.5502319335938,418.85302734375,0.6493015885353088,597.78076171875,412.4588928222656,0.4432712495326996
2026-09-15 22:17:38.029522,495.71038818359375,292.8053894042969,0.9786827564239502,574.8558349609375,431.73956298828125,0.5526564717292786,556.4320068359375,424.7652893066406,0.39351528882980347
2026-09-15 22:17:38.138975,501.5236511230469,303.51763916015625,0.9754924774169922,590.0784912109375,436.19158935546875,0.33752724528312683,556.194580078125,391.8843994140625,0.2612064480781555
2026-09-15 22:17:38.254873,492.67730712890625,303.9381408691406,0.9875927567481995,569.5076904296875,463.59002685546875,0.7472460865974426,550.9971923828125,372.76123046875,0.7549898624420166
2026-09-15 22:17:38.368453,493.0604248046875,299.00604248046875,0.9860230684280396,559.1690063476562,440.17584228515625,0.6763084530830383,540.5120849609375,347.03656005859375,0.6761985421180725
2026-09-15 22:17:38.479179,483.9403381347656,299.4470520019531,0.9872726798057556,553.6660766601562,438.962646484375,0.7464005947113037,529.2177734375,323.55169677734375,0.7801269292831421
2026-09-15 22:17:38.595016,480.647705078125,295.74432373046875,0.9881596565246582,557.0330810546875,438.3246765136719,0.7844263911247253,520.1002197265625,308.843994140625,0.8361309766769409
2026-09-15 22:17:38.711423,480.4731750488281,293.8799743652344,0.9902347326278687,574.0472412109375,416.8541259765625,0.823800265789032,527.5098266601562,296.3495788574219,0.852257251739502
2026-09-15 22:17:38.826735,478.3509521484375,302.6058349609375,0.9908331036567688,575.5619506835938,431.2705383300781,0.8296997547149658,539.2300415039062,299.0025329589844,0.8798731565475464
2026-09-15 22:17:38.956133,472.820556640625,301.2585754394531,0.9900498390197754,557.8598022460938,422.5069885253906,0.8269115686416626,543.8504028320312,309.3690185546875,0.861666202545166
2026-09-15 22:17:39.079987,473.53643798828125,301.1897888183594,0.9894711971282959,555.7952270507812,425.0556640625,0.8210136294364929,541.357177734375,316.8647155761719,0.8452717065811157
2026-09-15 22:17:39.218588,476.2474060058594,299.0885009765625,0.9904057383537292,558.5398559570312,423.3359680175781,0.8451400399208069,540.9230346679688,308.67706298828125,0.8662759065628052
2026-09-15 22:17:39.341086,473.77557373046875,306.03076171875,0.9893684983253479,553.0548706054688,429.393310546875,0.8029356002807617,549.2056274414062,319.30352783203125,0.8081849813461304
2026-09-15 22:17:39.457104,468.21240234375,306.1546936035156,0.9873256683349609,550.3062744140625,428.54791259765625,0.7648757696151733,560.5982666015625,323.07867431640625,0.7460569143295288
2026-09-15 22:17:39.576866,467.93438720703125,307.5696716308594,0.9881547689437866,545.8689575195312,438.40142822265625,0.7536906003952026,595.1578979492188,355.49188232421875,0.6259989142417908
2026-09-15 22:17:39.686081,466.55572509765625,307.98907470703125,0.9890989065170288,544.307861328125,430.4720764160156,0.8008443117141724,602.3087158203125,335.0304260253906,0.6800327301025391
2026-09-15 22:17:39.793819,471.8081359863281,301.65704345703125,0.9916585087776184,546.3410034179688,432.45123291015625,0.8232201337814331,593.2750244140625,411.664794921875,0.5921109914779663
2026-09-15 22:17:39.935747,475.1248474121094,303.11102294921875,0.9923921823501587,537.9710693359375,435.2018737792969,0.8257089257240295,570.4465942382812,440.65960693359375,0.6021690964698792
2026-09-15 22:17:40.058241,468.6331787109375,301.40765380859375,0.9802769422531128,516.191162109375,432.08221435546875,0.6044066548347473,504.46185302734375,449.9905700683594,0.35834312438964844
2026-09-15 22:17:40.169722,465.7713623046875,295.275390625,0.9827387928962708,530.2734985351562,418.80010986328125,0.6966613531112671,560.2146606445312,472.223876953125,0.39023062586784363
2026-09-15 22:17:40.322424,468.5993347167969,299.1694641113281,0.9765893816947937,530.2799072265625,431.48504638671875,0.5852718949317932,562.6611938476562,477.30816650390625,0.32273486256599426
2026-09-15 22:17:40.433211,467.8403625488281,292.5085144042969,0.9790944457054138,539.0655517578125,420.44598388671875,0.6366199851036072,553.8231201171875,476.7366027832031,0.3565797209739685
2026-09-15 22:17:40.543270,468.1070556640625,293.901611328125,0.9797624945640564,535.3974609375,420.8683166503906,0.6348879337310791,556.486083984375,474.6785583496094,0.34924912452697754
2026-09-15 22:17:40.652000,471.4303283691406,297.07745361328125,0.9711472988128662,539.3660278320312,426.72967529296875,0.5091570019721985,549.1898193359375,478.3980712890625,0.2602522671222687
2026-09-15 22:17:40.762527,471.1264953613281,296.18548583984375,0.972596287727356,532.8740234375,428.9388427734375,0.5443001389503479,543.4747924804688,472.2156982421875,0.29509618878364563
2026-09-15 22:17:40.874686,474.05853271484375,294.7310791015625,0.9713728427886963,542.0428466796875,438.5592956542969,0.5212844610214233,496.256103515625,480.0,0.34056374430656433
2026-09-15 22:17:40.981870,471.0563049316406,295.845947265625,0.964205801486969,527.2916870117188,444.2835998535156,0.4203844964504242,485.90167236328125,480.0,0.233431875705719
2026-09-15 22:17:41.084979,465.329833984375,290.5100402832031,0.9700301289558411,523.6920166015625,434.3784484863281,0.5222030878067017,498.42181396484375,480.0,0.2708022892475128
2026-09-15 22:17:41.191139,464.81805419921875,289.0613098144531,0.9683963060379028,527.1729125976562,434.5987854003906,0.5032603144645691,494.4231262207031,480.0,0.2785062789916992
2026-09-15 22:17:41.295032,474.24163818359375,289.92144775390625,0.9847862124443054,530.6814575195312,438.77020263671875,0.6343003511428833,496.9117431640625,480.0,0.3291037380695343
2026-09-15 22:17:41.401308,471.4292907714844,288.4785461425781,0.971792459487915,531.0025024414062,435.6640625,0.5212727785110474,507.8887939453125,480.0,0.3043569028377533
2026-09-15 22:17:41.512823,472.7085266113281,289.90008544921875,0.9724593162536621,533.8162231445312,438.4002685546875,0.5256270170211792,509.516845703125,480.0,0.32941046357154846
2026-09-15 22:17:41.634265,472.2733459472656,286.51934814453125,0.9742258787155151,537.5028686523438,438.22320556640625,0.550629198551178,504.0167541503906,480.0,0.35652846097946167
2026-09-15 22:17:41.753057,472.35357666015625,287.8024597167969,0.9708413481712341,534.6860961914062,439.2095947265625,0.49326038360595703,507.965087890625,480.0,0.29716166853904724
2026-09-15 22:17:41.871931,475.5726318359375,287.81195068359375,0.9792958498001099,542.8021240234375,448.7622985839844,0.6070157289505005,481.7042236328125,480.0,0.424210786819458
2026-09-15 22:17:41.986625,474.5829162597656,284.55413818359375,0.987838625907898,541.2824096679688,426.3235168457031,0.8120057582855225,496.2754211425781,453.15155029296875,0.6972795724868774
2026-09-15 22:17:42.111753,484.28326416015625,296.54132080078125,0.9838144183158875,563.9134521484375,445.18133544921875,0.6635493040084839,560.201416015625,428.33868408203125,0.5363269448280334
2026-09-15 22:17:42.236665,473.5387878417969,299.8280944824219,0.988362729549408,548.5579833984375,446.609375,0.7976244688034058,552.4014892578125,355.9951477050781,0.7870556712150574
2026-09-15 22:17:42.360159,473.8648681640625,292.1670227050781,0.9936205744743347,565.7398071289062,420.46270751953125,0.9059212803840637,547.3715209960938,243.61187744140625,0.9163778424263
2026-09-15 22:17:42.498528,472.3508605957031,285.95379638671875,0.993200957775116,563.6984252929688,406.47808837890625,0.9039531946182251,534.0321044921875,229.67364501953125,0.9167978763580322
2026-09-15 22:17:42.630040,472.86138916015625,284.06170654296875,0.9929946064949036,569.6763916015625,403.0032958984375,0.8986400365829468,512.192626953125,232.08120727539062,0.9159026741981506
2026-09-15 22:17:42.759799,474.4892272949219,282.0955505371094,0.9936815500259399,578.639404296875,399.4228820800781,0.9015661478042603,516.8630981445312,235.84173583984375,0.9107117652893066
2026-09-15 22:17:42.891378,475.9534912109375,284.126708984375,0.9923272728919983,596.744873046875,390.0483093261719,0.8680728673934937,532.642333984375,218.33871459960938,0.907374382019043
2026-09-15 22:17:43.018525,471.47369384765625,284.2472229003906,0.9931787252426147,607.8955688476562,367.0401611328125,0.8908677101135254,568.6568603515625,195.1234130859375,0.9232531785964966
2026-09-15 22:17:43.148784,468.51611328125,282.6232604980469,0.9927964806556702,619.6964721679688,345.0222473144531,0.8814113736152649,608.0966796875,159.4284210205078,0.9225149154663086
2026-09-15 22:17:43.272633,467.4029541015625,282.5932922363281,0.9929042458534241,621.2833251953125,338.65576171875,0.8902083039283752,601.345703125,152.14288330078125,0.9282044768333435
2026-09-15 22:17:43.389120,466.325927734375,283.9258117675781,0.9930018782615662,612.2523803710938,351.14593505859375,0.8932389616966248,579.6492919921875,174.1953125,0.9255332946777344
2026-09-15 22:17:43.506614,469.7657165527344,275.2684631347656,0.9918463826179504,601.9400634765625,338.6725158691406,0.8920451402664185,555.4599609375,156.6106719970703,0.9243158102035522
2026-09-15 22:17:43.623236,469.4234619140625,284.0312194824219,0.9929571151733398,611.48828125,355.525390625,0.8885475993156433,582.6087646484375,180.32130432128906,0.922105610370636
2026-09-15 22:17:43.753392,472.99322509765625,283.5608215332031,0.9932352900505066,624.9170532226562,345.1444091796875,0.8916587829589844,604.5230102539062,157.37928771972656,0.9238005876541138
2026-09-15 22:17:43.872073,477.3908996582031,284.3774108886719,0.9940974712371826,626.8829345703125,344.20050048828125,0.8948877453804016,611.8327026367188,162.7248077392578,0.9226658940315247
2026-09-15 22:17:43.978329,482.4485168457031,280.0780029296875,0.9938477873802185,623.9764404296875,348.2989196777344,0.8953040838241577,635.14404296875,205.05828857421875,0.9112660884857178
2026-09-15 22:17:44.082187,484.45123291015625,283.5440368652344,0.9940956830978394,635.1109619140625,339.9076843261719,0.9023000597953796,636.16455078125,186.1771697998047,0.9143657684326172
2026-09-15 22:17:44.179456,490.3451843261719,283.2167053222656,0.9927935600280762,622.5675659179688,357.7650451660156,0.8681927919387817,626.56005859375,234.72799682617188,0.8700370192527771
2026-09-15 22:17:44.278988,489.9883117675781,285.1476745605469,0.992658793926239,621.9314575195312,360.29840087890625,0.8650104403495789,625.4712524414062,236.00189208984375,0.8677119016647339
2026-09-15 22:17:44.377475,492.0574035644531,280.362060546875,0.992027223110199,619.6062622070312,364.3456115722656,0.8514775037765503,631.5185546875,285.888671875,0.8115110397338867
2026-09-15 22:17:44.487089,487.552978515625,283.3628234863281,0.9930384755134583,626.9496459960938,353.3414306640625,0.8752301335334778,627.4925537109375,205.19580078125,0.8861693143844604
2026-09-15 22:17:44.611013,489.27020263671875,283.57440185546875,0.9937578439712524,635.0831909179688,353.368896484375,0.8909808397293091,633.3594970703125,192.53294372558594,0.9017327427864075
2026-09-15 22:17:44.718122,478.21771240234375,284.1792907714844,0.9939331412315369,623.8463134765625,341.31463623046875,0.9099599719047546,614.5333862304688,155.0289306640625,0.9264147877693176
2026-09-15 22:17:44.821000,462.4033508300781,280.27447509765625,0.9921078085899353,592.2997436523438,342.4948425292969,0.8990834951400757,562.8897705078125,176.1574249267578,0.9294829964637756
2026-09-15 22:17:44.924084,457.4972229003906,273.39984130859375,0.9925268888473511,561.5199584960938,339.9631652832031,0.9240532517433167,524.3193969726562,176.3529815673828,0.9350056648254395
2026-09-15 22:17:45.025150,454.6485290527344,277.4949645996094,0.9914795160293579,542.3336791992188,366.6402587890625,0.8979161977767944,513.766357421875,216.07568359375,0.9077179431915283
2026-09-15 22:17:45.119501,441.6380615234375,273.3100891113281,0.9896923899650574,517.3427124023438,344.759033203125,0.9002405405044556,467.099365234375,145.2760009765625,0.9228038191795349
2026-09-15 22:17:45.213307,435.26947021484375,278.3922119140625,0.9882777333259583,489.7557373046875,352.0089111328125,0.9038430452346802,445.5471496582031,169.8210906982422,0.9126263856887817
2026-09-15 22:17:45.317938,433.96820068359375,280.797607421875,0.9875991344451904,482.4083251953125,349.4267883300781,0.9020331501960754,438.59149169921875,144.24598693847656,0.9222874045372009
2026-09-15 22:17:45.428288,431.0497741699219,276.55126953125,0.98799067735672,478.6274108886719,351.60601806640625,0.9049577116966248,430.6470947265625,147.81817626953125,0.920454204082489
2026-09-15 22:17:45.538856,426.90771484375,276.24359130859375,0.9879668354988098,474.09521484375,346.6332092285156,0.903822124004364,424.9561767578125,141.0903778076172,0.9177864789962769
2026-09-15 22:17:45.634516,426.1556396484375,275.99725341796875,0.9890691637992859,471.07037353515625,343.1455993652344,0.9129936695098877,421.7992248535156,130.42201232910156,0.9189283847808838
2026-09-15 22:17:45.744296,426.8248291015625,279.25482177734375,0.989810585975647,479.4898681640625,348.2201232910156,0.9096757769584656,432.28558349609375,140.22311401367188,0.9199471473693848
2026-09-15 22:17:45.847263,426.5398254394531,278.16900634765625,0.9887920022010803,478.0233154296875,341.28936767578125,0.9029391407966614,429.2776794433594,137.25942993164062,0.9189118146896362
2026-09-15 22:17:45.945281,432.5467224121094,278.9092712402344,0.9893031120300293,490.2255859375,357.8047790527344,0.901977002620697,427.333740234375,178.44029235839844,0.9175073504447937
2026-09-15 22:17:46.054323,429.706298828125,275.1812744140625,0.9889189600944519,491.43865966796875,338.3141784667969,0.9157634973526001,413.169677734375,148.6055145263672,0.9322898387908936
2026-09-15 22:17:46.166578,427.90203857421875,274.08978271484375,0.9885401129722595,493.42724609375,338.07183837890625,0.9108906388282776,412.8702392578125,144.90969848632812,0.9331173896789551
2026-09-15 22:17:46.265829,430.58355712890625,273.4395446777344,0.9897124767303467,493.16650390625,331.6583251953125,0.91518235206604,415.6856689453125,137.5708770751953,0.9305182695388794
2026-09-15 22:17:46.363657,429.02545166015625,271.54400634765625,0.9887867569923401,490.823486328125,329.0273132324219,0.9118574261665344,412.7506408691406,136.70957946777344,0.9295956492424011
2026-09-15 22:17:46.460465,429.50103759765625,272.063232421875,0.9884478449821472,490.64141845703125,331.79791259765625,0.9075978398323059,412.43939208984375,138.34225463867188,0.9276671409606934
2026-09-15 22:17:46.571680,434.2192077636719,276.109375,0.9901701807975769,501.8052978515625,334.8731384277344,0.9149498343467712,422.261474609375,141.4591064453125,0.9316369295120239
2026-09-15 22:17:46.676701,438.62957763671875,274.5643310546875,0.9889489412307739,501.4615478515625,340.7932434082031,0.9137383699417114,424.82354736328125,158.57569885253906,0.9355275630950928
2026-09-15 22:17:46.787604,439.1639709472656,274.9852294921875,0.9895879030227661,498.7505798339844,339.1296691894531,0.9145288467407227,421.428955078125,142.97494506835938,0.9333178997039795
2026-09-15 22:17:46.887498,431.21539306640625,276.376708984375,0.9895960688591003,503.66302490234375,355.2447814941406,0.9060654044151306,431.06591796875,154.94227600097656,0.9304779767990112
2026-09-15 22:17:46.989201,432.51397705078125,277.26519775390625,0.9887808561325073,502.5958557128906,348.1287536621094,0.8942331671714783,428.3449401855469,135.5552978515625,0.926226794719696
2026-09-15 22:17:47.089468,431.4698791503906,277.4850158691406,0.9883566498756409,502.7291259765625,351.325927734375,0.8891990780830383,429.3733215332031,133.74761962890625,0.9250924587249756
2026-09-15 22:17:47.189614,431.01898193359375,275.8219299316406,0.9893431663513184,501.1966552734375,347.5355224609375,0.903094470500946,428.37445068359375,133.4066162109375,0.9298011064529419
2026-09-15 22:17:47.300817,433.15423583984375,279.60992431640625,0.9895594120025635,505.86810302734375,348.6470031738281,0.9040073752403259,429.5958251953125,139.2886962890625,0.9323365092277527
2026-09-15 22:17:47.404094,441.04754638671875,278.07550048828125,0.9919447302818298,532.984130859375,360.41143798828125,0.9075096249580383,450.4018859863281,158.8619842529297,0.9314526915550232
2026-09-15 22:17:47.506217,443.94366455078125,280.9018249511719,0.9911778569221497,542.25537109375,357.544189453125,0.9042143225669861,457.49676513671875,164.56346130371094,0.9373523592948914
2026-09-15 22:17:47.605570,448.2514953613281,277.8639831542969,0.9921947717666626,563.9799194335938,362.8418884277344,0.8982833027839661,456.1557922363281,180.7205810546875,0.9375692009925842
2026-09-15 22:17:47.700692,457.6235046386719,283.0981750488281,0.988709032535553,595.960205078125,407.37872314453125,0.7678564190864563,525.1328125,306.183837890625,0.8007228374481201
2026-09-15 22:17:47.800002,454.7239074707031,278.1788635253906,0.9895569682121277,582.5360717773438,414.2218322753906,0.8090378046035767,581.5413208007812,418.4726867675781,0.642356276512146
2026-09-15 22:17:47.904487,473.46826171875,291.7654724121094,0.9893540143966675,542.8211059570312,448.63909912109375,0.7536797523498535,405.37408447265625,468.27838134765625,0.6730230450630188
2026-09-15 22:17:48.004266,468.77532958984375,289.8500061035156,0.9844085574150085,518.0328369140625,448.30096435546875,0.61408931016922,451.53521728515625,480.0,0.36650097370147705
2026-09-15 22:17:48.105444,468.7677001953125,291.5157165527344,0.9849036931991577,516.7803955078125,450.70343017578125,0.6258584856987,458.8852844238281,480.0,0.38097599148750305
2026-09-15 22:17:48.201007,465.51129150390625,289.7183837890625,0.9710487127304077,527.3150024414062,446.6651611328125,0.44055357575416565,473.2627258300781,480.0,0.28785938024520874
2026-09-15 22:17:48.301638,464.9792175292969,291.1000671386719,0.9675906300544739,524.7416381835938,448.2225646972656,0.4021635353565216,477.86419677734375,480.0,0.24208971858024597
2026-09-15 22:17:48.414479,465.8580017089844,288.2740173339844,0.9751672148704529,529.985595703125,443.7504577636719,0.5067179203033447,480.2503967285156,480.0,0.3047783672809601
2026-09-15 22:17:48.518627,466.84844970703125,289.2882080078125,0.9723861217498779,531.0712890625,445.87469482421875,0.4642031788825989,479.6571044921875,480.0,0.28848978877067566
2026-09-15 22:17:48.619821,464.2629089355469,281.7970886230469,0.9758965969085693,531.591552734375,431.8646545410156,0.5565345883369446,487.6656799316406,480.0,0.3530559837818146
2026-09-15 22:17:48.735725,462.7355651855469,278.7333984375,0.9772593975067139,532.6182250976562,429.9674377441406,0.6010321378707886,486.84552001953125,480.0,0.377468466758728
2026-09-15 22:17:48.838792,466.27764892578125,278.878173828125,0.9892059564590454,532.659912109375,427.24774169921875,0.8078680038452148,470.7456359863281,480.0,0.5518308877944946
2026-09-15 22:17:48.950193,465.2646484375,275.9953308105469,0.9877310395240784,526.7172241210938,427.1680603027344,0.7707637548446655,470.9533996582031,480.0,0.4988398253917694
2026-09-15 22:17:49.047517,465.1298828125,277.7519836425781,0.9870600700378418,523.4171752929688,430.8968505859375,0.768842875957489,470.532470703125,480.0,0.5076388716697693
2026-09-15 22:17:49.172386,463.46722412109375,276.4985046386719,0.974777340888977,528.8030395507812,426.4988708496094,0.5815329551696777,480.49322509765625,480.0,0.3671596944332123
2026-09-15 22:17:49.278677,463.7008056640625,275.8900146484375,0.978609561920166,536.2119750976562,423.8476867675781,0.6432811617851257,481.7121276855469,480.0,0.442090779542923
2026-09-15 22:17:49.376544,467.79058837890625,272.3230895996094,0.9939010143280029,586.140625,397.3914794921875,0.9059865474700928,521.3445434570312,469.64422607421875,0.8018807768821716
2026-09-15 22:17:49.474690,477.417724609375,264.5161437988281,0.9930588006973267,607.2748413085938,390.453125,0.8555682301521301,516.36181640625,463.515869140625,0.7631860971450806
2026-09-15 22:17:49.572597,481.67156982421875,269.6376953125,0.9954570531845093,602.7935180664062,397.1263732910156,0.9305256009101868,506.727294921875,480.0,0.8448675274848938
2026-09-15 22:17:49.674221,482.5190734863281,267.08843994140625,0.9954668283462524,606.2832641601562,402.99560546875,0.912524938583374,498.5952453613281,479.8039245605469,0.8307328820228577
2026-09-15 22:17:49.786675,483.8437805175781,272.28094482421875,0.9941142201423645,605.4635009765625,396.2574768066406,0.8945052623748779,528.7352905273438,472.69476318359375,0.7680702209472656
2026-09-15 22:17:49.881505,489.2112731933594,272.95318603515625,0.9930868744850159,597.9066162109375,401.4198913574219,0.8703956604003906,569.7266845703125,463.7629089355469,0.6668036580085754
2026-09-15 22:17:49.981064,489.11480712890625,266.00762939453125,0.9898354411125183,609.9288940429688,387.6306457519531,0.7819312214851379,548.7442626953125,464.6584167480469,0.6232345700263977
2026-09-15 22:17:50.080657,486.20379638671875,275.3486328125,0.9951040744781494,591.688232421875,405.1902160644531,0.9236471652984619,558.2810668945312,464.64715576171875,0.760269820690155
2026-09-15 22:17:50.178326,486.39178466796875,268.6935119628906,0.9919878244400024,602.3692626953125,401.889404296875,0.8431637287139893,526.8412475585938,468.20849609375,0.6994887590408325
2026-09-15 22:17:50.272029,478.8513488769531,278.90301513671875,0.9913683533668518,552.3810424804688,425.7605895996094,0.8450556397438049,495.06060791015625,471.4753723144531,0.6303768157958984
2026-09-15 22:17:50.369363,477.9949035644531,275.70269775390625,0.9879706501960754,531.9786376953125,435.7419128417969,0.7703368663787842,444.305419921875,476.2132873535156,0.5597253441810608
2026-09-15 22:17:50.469141,477.67559814453125,276.526611328125,0.9879648685455322,529.9755859375,432.3258056640625,0.7719555497169495,454.94964599609375,480.0,0.5402576923370361
2026-09-15 22:17:50.581361,478.74359130859375,278.7494812011719,0.9860338568687439,532.3980712890625,433.9444885253906,0.707228422164917,486.58270263671875,477.76898193359375,0.4434700310230255
2026-09-15 22:17:50.682226,481.1698303222656,279.89154052734375,0.9868361949920654,538.6922607421875,439.30120849609375,0.7209638357162476,489.9708251953125,478.684814453125,0.4866139888763428
2026-09-15 22:17:50.783139,481.05902099609375,277.7528991699219,0.9873026609420776,535.36474609375,431.2298889160156,0.7417774200439453,494.7218017578125,477.26910400390625,0.4934675097465515
2026-09-15 22:17:50.885004,480.9534912109375,279.7977294921875,0.9863330721855164,533.5753173828125,437.7701416015625,0.7019211649894714,490.71929931640625,479.36431884765625,0.4296163320541382
2026-09-15 22:17:50.986206,480.80078125,280.7618103027344,0.9878679513931274,536.2177124023438,437.7097473144531,0.7306791543960571,493.28680419921875,478.5391540527344,0.4708976149559021
2026-09-15 22:17:51.095818,480.2764892578125,281.204345703125,0.9700208902359009,536.3902587890625,436.0217590332031,0.4673129618167877,493.5511169433594,480.0,0.30335554480552673
2026-09-15 22:17:51.202586,482.0712890625,282.90533447265625,0.9866726398468018,536.4317016601562,440.9150390625,0.70197594165802,492.96014404296875,477.2077941894531,0.4322996139526367
2026-09-15 22:17:51.301406,481.5259094238281,281.3982849121094,0.9872833490371704,537.61181640625,435.81939697265625,0.736521303653717,491.0594177246094,478.85302734375,0.4695852994918823
2026-09-15 22:17:51.396480,481.76678466796875,277.94140625,0.9727231860160828,538.8817749023438,424.7768249511719,0.5143342614173889,489.2705993652344,478.371337890625,0.35153305530548096
2026-09-15 22:17:51.507776,485.5573425292969,280.611328125,0.987753689289093,540.2997436523438,435.64569091796875,0.7284590601921082,484.29742431640625,480.0,0.4822765290737152
2026-09-15 22:17:51.620369,481.275146484375,280.3063049316406,0.9901542067527771,536.905517578125,434.9586486816406,0.8171368837356567,468.4924621582031,477.2693176269531,0.6440852880477905
2026-09-15 22:17:51.729093,473.748046875,278.7275390625,0.9823729991912842,532.6350708007812,420.97772216796875,0.7036758065223694,519.05908203125,449.25885009765625,0.5842674374580383
2026-09-15 22:17:51.838452,468.0264587402344,272.4259948730469,0.9879384636878967,529.843017578125,412.1792297363281,0.8038992881774902,558.752197265625,439.333984375,0.687113881111145
2026-09-15 22:17:51.936401,468.74212646484375,274.14129638671875,0.9835519194602966,518.0510864257812,431.1534423828125,0.7202970385551453,535.3260498046875,461.11798095703125,0.5303258299827576
2026-09-15 22:17:52.032736,469.7466735839844,275.2698059082031,0.9871039986610413,531.6251220703125,418.6187438964844,0.7943494915962219,581.501953125,474.1256408691406,0.6085489988327026
2026-09-15 22:17:52.139344,473.51959228515625,280.8594970703125,0.9853277206420898,543.2833251953125,427.5050354003906,0.7538418173789978,600.335205078125,471.8214111328125,0.6455745100975037
2026-09-15 22:17:52.242948,472.8553161621094,278.30255126953125,0.9885208606719971,546.5435180664062,424.53082275390625,0.8099645972251892,596.201416015625,470.6712951660156,0.7247326374053955
2026-09-15 22:17:52.346537,478.97601318359375,271.24444580078125,0.9859412312507629,552.985595703125,413.8564453125,0.7646782398223877,607.0546264648438,474.06512451171875,0.6471532583236694
2026-09-15 22:17:52.476866,479.1325988769531,274.3634338378906,0.9860230684280396,553.6737060546875,415.2079772949219,0.7622146606445312,604.029541015625,478.1654052734375,0.6194743514060974
2026-09-15 22:17:52.583277,481.47650146484375,278.4551696777344,0.9867227673530579,551.2579345703125,421.11260986328125,0.7878403663635254,579.0755004882812,462.94805908203125,0.6579279899597168
2026-09-15 22:17:52.683018,483.7538757324219,277.03668212890625,0.990858256816864,548.14111328125,434.13555908203125,0.8439537882804871,509.1397705078125,469.6456604003906,0.7189220190048218
2026-09-15 22:17:52.785399,487.7145080566406,278.5315246582031,0.990739107131958,549.874267578125,432.49017333984375,0.8353109955787659,494.2210998535156,458.44085693359375,0.7086030840873718
2026-09-15 22:17:52.896389,488.0461120605469,274.7947998046875,0.9949000477790833,575.7828369140625,427.61767578125,0.9200412631034851,456.26373291015625,460.4686279296875,0.9021286964416504
2026-09-15 22:17:52.997555,487.9390869140625,269.8249206542969,0.9966232776641846,593.1729736328125,428.38287353515625,0.9448186159133911,396.8265380859375,462.9139404296875,0.946535050868988
2026-09-15 22:17:53.100654,492.44775390625,280.10888671875,0.9919580221176147,565.7766723632812,437.06695556640625,0.8330761790275574,390.76068115234375,463.6607360839844,0.7627809047698975
2026-09-15 22:17:53.208130,478.201416015625,262.97491455078125,0.9957107305526733,581.761962890625,412.1902160644531,0.9472924470901489,354.88958740234375,466.8439636230469,0.9332320094108582
2026-09-15 22:17:53.302058,476.1964416503906,281.0505065917969,0.9922371506690979,544.8016357421875,423.6455078125,0.7490019798278809,365.6920471191406,464.61700439453125,0.6360176801681519
2026-09-15 22:17:53.399018,471.75042724609375,280.10174560546875,0.9913911819458008,541.5503540039062,423.8336486816406,0.7390056252479553,355.6553649902344,464.26727294921875,0.6388911604881287
2026-09-15 22:17:53.498680,466.1785583496094,276.6937255859375,0.9903744459152222,533.742919921875,418.7516784667969,0.7112754583358765,355.4696044921875,464.0948791503906,0.590887725353241
2026-09-15 22:17:53.599685,466.0953369140625,276.0118408203125,0.9918074011802673,541.7310791015625,417.84527587890625,0.7498735785484314,368.8927917480469,459.332763671875,0.6508371829986572
2026-09-15 22:17:53.701182,461.9248046875,269.0152587890625,0.9910123348236084,548.2876586914062,410.68365478515625,0.8064970970153809,348.36407470703125,469.5029602050781,0.7295856475830078
2026-09-15 22:17:53.799282,463.95843505859375,271.540771484375,0.9904947280883789,551.910888671875,414.23065185546875,0.7954964637756348,353.53955078125,469.83270263671875,0.7351205945014954
2026-09-15 22:17:53.915196,466.5168762207031,278.6020812988281,0.9903019070625305,538.235107421875,421.16827392578125,0.6923041343688965,367.6750183105469,460.097412109375,0.5966013073921204
2026-09-15 22:17:54.010055,461.8125305175781,271.7740478515625,0.9901551008224487,544.2569580078125,414.2286682128906,0.7834427356719971,344.43157958984375,465.1312255859375,0.7158522605895996
2026-09-15 22:17:54.114116,466.8018493652344,277.5186462402344,0.9914485812187195,540.0930786132812,422.47125244140625,0.7433650493621826,369.334228515625,462.0697021484375,0.6498156785964966
2026-09-15 22:17:54.248568,462.2926025390625,271.95355224609375,0.9898768067359924,545.5032958984375,413.4869384765625,0.7839154005050659,352.8227844238281,467.127197265625,0.7200612425804138
2026-09-15 22:17:54.355122,463.2792053222656,271.73187255859375,0.990323543548584,543.16357421875,416.92572021484375,0.7806018590927124,343.8507080078125,470.3387451171875,0.7091636061668396
2026-09-15 22:17:54.455147,463.90899658203125,271.8473205566406,0.9918614625930786,546.7772216796875,412.61834716796875,0.8243840932846069,350.45892333984375,472.70245361328125,0.7531094551086426
2026-09-15 22:17:54.551383,468.7483215332031,278.26214599609375,0.991603672504425,539.5394287109375,420.9424743652344,0.735679566860199,376.63653564453125,469.7943115234375,0.6103827357292175
2026-09-15 22:17:54.647040,470.81268310546875,272.7813415527344,0.9914091229438782,569.4912109375,414.6084899902344,0.7982762455940247,393.0713806152344,473.2061767578125,0.6951569318771362
2026-09-15 22:17:54.752101,472.3111267089844,273.6518859863281,0.9914267063140869,571.7833862304688,418.00518798828125,0.7721518278121948,400.3315124511719,476.6064453125,0.6540030241012573
2026-09-15 22:17:54.869084,473.08941650390625,277.6955261230469,0.991216778755188,578.681396484375,426.7409973144531,0.793344259262085,447.688232421875,473.41424560546875,0.6702109575271606
2026-09-15 22:17:54.984666,469.398193359375,271.6270751953125,0.9916980266571045,563.0257568359375,414.72454833984375,0.8706983923912048,446.8899841308594,469.5920715332031,0.8486592769622803
2026-09-15 22:17:55.113652,471.22332763671875,278.25537109375,0.9893396496772766,550.0676879882812,407.57952880859375,0.7970101237297058,523.5438842773438,450.2745666503906,0.7857542037963867
2026-09-15 22:17:55.227842,465.6031188964844,280.4885559082031,0.9829123020172119,527.6478881835938,412.2033386230469,0.7068446278572083,537.9442749023438,452.31414794921875,0.6527053117752075
2026-09-15 22:17:55.346078,470.7307434082031,284.0473937988281,0.9816378951072693,530.7176513671875,419.81646728515625,0.7043379545211792,550.2899169921875,470.05242919921875,0.6602063179016113
2026-09-15 22:17:55.457824,471.9353942871094,281.8176574707031,0.9794847369194031,532.1211547851562,420.90789794921875,0.6852766275405884,550.4330444335938,472.63531494140625,0.6450161337852478
2026-09-15 22:17:55.577241,474.3429260253906,284.1367492675781,0.9757642149925232,539.890380859375,420.3775634765625,0.6046980023384094,558.1025390625,465.950439453125,0.571271538734436
2026-09-15 22:17:55.691190,477.0726318359375,278.0797119140625,0.9903995394706726,556.4075317382812,414.3922119140625,0.8476859927177429,567.144775390625,480.0,0.7269033193588257
2026-09-15 22:17:55.836567,481.3994140625,277.0245056152344,0.9892171621322632,570.0193481445312,402.78118896484375,0.833724319934845,572.4974975585938,480.0,0.7022098898887634
2026-09-15 22:17:55.940484,480.9842224121094,278.1920166015625,0.990204930305481,568.401611328125,406.01959228515625,0.860207736492157,578.8970947265625,480.0,0.750378429889679
2026-09-15 22:17:56.043872,479.22564697265625,281.4044189453125,0.987159013748169,558.0145263671875,415.57843017578125,0.7954038977622986,576.0719604492188,480.0,0.6612489223480225
2026-09-15 22:17:56.139513,477.84228515625,282.09820556640625,0.9872961044311523,557.1049194335938,416.85064697265625,0.7998667359352112,571.423583984375,480.0,0.6743806004524231
2026-09-15 22:17:56.253319,477.52667236328125,279.0893249511719,0.9827685952186584,560.269775390625,411.0515441894531,0.732578694820404,587.4845581054688,475.9083251953125,0.6826552748680115
2026-09-15 22:17:56.359139,471.5780944824219,278.08990478515625,0.9851562976837158,561.15380859375,406.070068359375,0.7679566144943237,611.2789306640625,476.5144348144531,0.7031396627426147
2026-09-15 22:17:56.458314,474.9251708984375,281.0710754394531,0.988791823387146,570.9168701171875,408.07080078125,0.8171497583389282,606.0878295898438,480.0,0.6607924103736877
2026-09-15 22:17:56.562818,475.9192810058594,280.7380676269531,0.9895868301391602,573.853515625,406.34808349609375,0.843113362789154,611.4284057617188,480.0,0.6845239400863647
2026-09-15 22:17:56.659062,480.275634765625,277.68963623046875,0.9888984560966492,572.3799438476562,404.72454833984375,0.8126639127731323,610.98583984375,476.975830078125,0.6431456208229065
2026-09-15 22:17:56.754201,479.9505310058594,279.2701721191406,0.9906733632087708,578.3843994140625,401.85205078125,0.8538941144943237,610.2639770507812,480.0,0.6892269849777222
2026-09-15 22:17:56.855100,481.4441833496094,280.55181884765625,0.9901440143585205,577.5923461914062,403.8977355957031,0.833744466304779,614.2777099609375,480.0,0.6548148989677429
2026-09-15 22:17:56.953643,480.5123291015625,279.4067687988281,0.9891547560691833,577.8797607421875,405.5862121582031,0.8177253603935242,611.84228515625,480.0,0.6270671486854553
2026-09-15 22:17:57.064920,481.3695068359375,278.6948547363281,0.9862186312675476,573.42919921875,412.0165100097656,0.7596473693847656,603.850830078125,469.73956298828125,0.6550406217575073
2026-09-15 22:17:57.172594,483.93133544921875,279.1235656738281,0.9853225946426392,573.4457397460938,412.883056640625,0.7181330919265747,607.2333374023438,471.2901611328125,0.5846520066261292
2026-09-15 22:17:57.273525,484.0782165527344,279.6609191894531,0.9853641390800476,564.25341796875,406.9356994628906,0.7525272369384766,599.538818359375,476.502197265625,0.6162203550338745
2026-09-15 22:17:57.369548,476.5599365234375,282.6165466308594,0.9805386066436768,538.1171875,416.2114562988281,0.6575756669044495,557.4246826171875,479.9432373046875,0.42526668310165405
2026-09-15 22:17:57.465719,475.9506530761719,283.3500671386719,0.9775547981262207,536.1445922851562,416.7818603515625,0.5955936908721924,562.6591186523438,479.6443176269531,0.3685101866722107
2026-09-15 22:17:57.571587,475.5981140136719,284.6874694824219,0.9764413833618164,533.8644409179688,420.94586181640625,0.5928672552108765,540.3231811523438,472.69219970703125,0.3477023243904114
2026-09-15 22:17:57.670459,477.4996032714844,283.2984924316406,0.988555371761322,543.36474609375,429.050048828125,0.7415248155593872,519.3951416015625,478.65020751953125,0.45209577679634094
2026-09-15 22:17:57.771490,474.1463317871094,286.0775146484375,0.9892703294754028,542.8250122070312,428.8170166015625,0.7732172012329102,522.2921142578125,471.1279296875,0.5087589025497437
2026-09-15 22:17:57.874799,465.2574462890625,280.0745544433594,0.9777820110321045,530.1663818359375,409.2431335449219,0.6254250407218933,502.59820556640625,453.3712158203125,0.4146144986152649
2026-09-15 22:17:57.977404,463.55523681640625,280.294921875,0.9885635375976562,520.5866088867188,393.26898193359375,0.839701771736145,505.5726318359375,398.24456787109375,0.7325488328933716
2026-09-15 22:17:58.076618,465.8179016113281,284.4312438964844,0.9783848524093628,525.5069580078125,412.98260498046875,0.5639605522155762,483.9918518066406,437.10943603515625,0.3689185082912445
2026-09-15 22:17:58.175641,466.13031005859375,290.2666320800781,0.9869824647903442,546.1671142578125,427.94451904296875,0.7447406649589539,533.69775390625,366.7335510253906,0.6656275987625122
2026-09-15 22:17:58.272259,459.346923828125,284.6275329589844,0.992281973361969,558.0969848632812,403.7106628417969,0.8734604716300964,511.17950439453125,251.55465698242188,0.9105868339538574
2026-09-15 22:17:58.380825,461.0170593261719,281.72503662109375,0.9872315526008606,578.73779296875,380.0180358886719,0.7949289083480835,514.68115234375,246.0188446044922,0.8192067742347717
2026-09-15 22:17:58.487433,446.5837707519531,283.1617126464844,0.9855020046234131,560.9581909179688,352.1764221191406,0.8681116700172424,464.36956787109375,207.708984375,0.9480099081993103
2026-09-15 22:17:58.587605,436.24932861328125,278.4957275390625,0.9787511825561523,533.0619506835938,346.1795349121094,0.8542295098304749,433.76580810546875,197.98065185546875,0.9511343240737915
2026-09-15 22:17:58.683176,434.39788818359375,282.1057434082031,0.9775022864341736,528.4254760742188,344.44482421875,0.8485568165779114,426.2239685058594,192.22622680664062,0.9481180310249329
2026-09-15 22:17:58.784465,447.36260986328125,279.5824279785156,0.9763408303260803,522.3640747070312,345.8176574707031,0.8188990950584412,431.1787414550781,192.7488250732422,0.9254109859466553
2026-09-15 22:17:58.883530,451.3558654785156,281.2017822265625,0.9755769968032837,526.376953125,347.21710205078125,0.7959685325622559,432.9953308105469,196.8691864013672,0.921704113483429
2026-09-15 22:17:58.985232,450.87506103515625,280.90087890625,0.976371705532074,527.0571899414062,353.52032470703125,0.7918916344642639,434.12078857421875,200.7368621826172,0.9213554859161377
2026-09-15 22:17:59.088287,439.74444580078125,279.95623779296875,0.9800429344177246,532.8521118164062,364.72412109375,0.8248046636581421,432.51470947265625,218.3937530517578,0.9365529417991638
2026-09-15 22:17:59.183456,445.680908203125,281.7533874511719,0.9810636043548584,533.34375,376.25537109375,0.8120519518852234,445.595703125,225.82077026367188,0.9268882870674133
2026-09-15 22:17:59.278992,444.8348388671875,283.7086181640625,0.9819573163986206,537.21240234375,380.5402526855469,0.8084715008735657,453.22235107421875,227.01568603515625,0.9269168972969055
2026-09-15 22:17:59.378488,442.9591979980469,287.7608337402344,0.9832640290260315,542.7135009765625,404.50238037109375,0.8149519562721252,465.2994689941406,245.95535278320312,0.9341771602630615
2026-09-15 22:17:59.479428,450.4129333496094,288.2359313964844,0.9862082004547119,546.97412109375,404.2669677734375,0.8225651383399963,484.2940979003906,252.8212890625,0.9228787422180176
2026-09-15 22:17:59.586707,459.63031005859375,284.7118835449219,0.9916976690292358,539.9729614257812,394.54815673828125,0.8576059341430664,489.2769775390625,252.5800323486328,0.9150958061218262
2026-09-15 22:17:59.699203,460.9242858886719,283.2558898925781,0.9913391470909119,542.9798583984375,387.0307312011719,0.8578230738639832,497.20672607421875,250.54702758789062,0.9165521860122681
2026-09-15 22:17:59.793196,456.3183288574219,295.97576904296875,0.9888508915901184,548.425048828125,408.6143493652344,0.8457169532775879,522.1337890625,280.6043395996094,0.9161525368690491
2026-09-15 22:17:59.896435,456.1689453125,295.5174560546875,0.9888569712638855,545.66748046875,412.9894104003906,0.8532633781433105,529.3097534179688,281.3986511230469,0.9136512875556946
2026-09-15 22:17:59.996182,464.224853515625,292.85626220703125,0.9921180605888367,553.4820556640625,412.6478271484375,0.8678843379020691,548.861328125,294.85980224609375,0.8894478678703308
2026-09-15 22:18:00.102097,464.7532958984375,293.8568115234375,0.9932935237884521,552.8428955078125,417.552734375,0.9001831412315369,560.9472045898438,302.0196228027344,0.8983580470085144
2026-09-15 22:18:00.198040,463.9146728515625,293.380859375,0.9931635856628418,559.5679321289062,409.1171875,0.901441752910614,575.0144653320312,295.3014221191406,0.9006412625312805
2026-09-15 22:18:00.295800,461.745361328125,293.29376220703125,0.992741048336029,559.7728271484375,404.375244140625,0.9013680815696716,574.9683227539062,280.3304748535156,0.911394476890564
2026-09-15 22:18:00.394037,456.36456298828125,289.8446044921875,0.99172443151474,567.495849609375,386.0220031738281,0.8864256739616394,565.028076171875,229.49969482421875,0.926986038684845
2026-09-15 22:18:00.492095,456.8050231933594,288.4849853515625,0.9909756779670715,569.4349975585938,378.53253173828125,0.8724126815795898,554.1549072265625,227.8085174560547,0.923139750957489
2026-09-15 22:18:00.590279,445.6802978515625,277.771240234375,0.9918973445892334,556.9141845703125,327.62249755859375,0.90456223487854,487.6593017578125,185.825439453125,0.8940419554710388
2026-09-15 22:18:00.697546,438.6437683105469,289.38720703125,0.9908280372619629,534.2529296875,332.52947998046875,0.9233326315879822,438.8763427734375,189.42172241210938,0.9553451538085938
2026-09-15 22:18:00.795919,435.39324951171875,289.1275329589844,0.9912922978401184,532.010009765625,334.9517822265625,0.9268032908439636,435.73333740234375,191.414794921875,0.9573917388916016
2026-09-15 22:18:00.902558,438.32373046875,275.539306640625,0.9898679256439209,538.9328002929688,330.3224182128906,0.883211612701416,455.3273620605469,194.04129028320312,0.85500568151474
2026-09-15 22:18:01.000411,440.5719299316406,277.5873718261719,0.9899153709411621,543.6384887695312,337.9742126464844,0.8771381378173828,461.65740966796875,193.1177215576172,0.8542571663856506
2026-09-15 22:18:01.097155,439.34027099609375,275.78961181640625,0.9896901845932007,544.6907958984375,328.0443115234375,0.8866024017333984,462.57708740234375,175.80380249023438,0.8639038801193237
2026-09-15 22:18:01.203217,438.8486022949219,275.2298889160156,0.9891519546508789,545.9476318359375,324.4731750488281,0.8759721517562866,462.73699951171875,176.96109008789062,0.8590970039367676
2026-09-15 22:18:01.320292,443.71728515625,277.7162170410156,0.9928305745124817,549.59228515625,334.6485900878906,0.9237778782844543,458.1392517089844,191.64566040039062,0.9229286909103394
2026-09-15 22:18:01.441381,443.2556457519531,280.1986389160156,0.9900045990943909,553.4566040039062,338.38482666015625,0.8848792314529419,467.4499206542969,183.4562530517578,0.881610631942749
2026-09-15 22:18:01.554734,444.872314453125,281.06121826171875,0.9901825785636902,555.213623046875,350.9324645996094,0.8776184320449829,471.524658203125,197.0018768310547,0.8753325939178467
2026-09-15 22:18:01.661409,446.2039489746094,280.4934997558594,0.9897023439407349,551.8648681640625,344.7851257324219,0.876379668712616,471.6604919433594,179.36495971679688,0.8609172701835632
2026-09-15 22:18:01.767089,441.4157409667969,284.18841552734375,0.991904616355896,547.8709716796875,353.1834716796875,0.899375855922699,479.1112365722656,183.9940185546875,0.8973132967948914
2026-09-15 22:18:01.874204,440.43603515625,281.8428649902344,0.9901940226554871,544.1431884765625,355.0157470703125,0.8966172933578491,445.095947265625,205.37994384765625,0.9163755178451538
2026-09-15 22:18:01.969391,462.70306396484375,282.7181396484375,0.9859110116958618,514.594482421875,395.6507568359375,0.9016026258468628,404.6129455566406,237.38174438476562,0.9252454042434692
2026-09-15 22:18:02.070640,451.7073059082031,290.5440368652344,0.9809792041778564,506.292236328125,395.7501525878906,0.9161704778671265,399.8480529785156,258.6409912109375,0.9343544244766235
2026-09-15 22:18:02.176175,440.0799560546875,270.97216796875,0.9851169586181641,493.70904541015625,379.8173828125,0.8398087024688721,345.3162841796875,264.2228088378906,0.8779807090759277
2026-09-15 22:18:02.278408,439.4518737792969,274.38177490234375,0.9862802028656006,504.1791687011719,400.6694030761719,0.8844377994537354,348.61328125,306.1970520019531,0.9190478324890137
2026-09-15 22:18:02.377648,452.22955322265625,287.0231628417969,0.9911749362945557,513.646484375,414.0976257324219,0.8359252214431763,365.2591552734375,384.5598449707031,0.8115606307983398
2026-09-15 22:18:02.487524,456.1242370605469,292.3899230957031,0.991041898727417,514.9947509765625,426.91082763671875,0.8200944662094116,363.03631591796875,421.4647216796875,0.7859636545181274
2026-09-15 22:18:02.582175,457.07513427734375,285.78961181640625,0.9733336567878723,524.190673828125,421.909912109375,0.5326703190803528,462.69140625,479.5129089355469,0.3174007534980774
2026-09-15 22:18:02.680963,455.9186096191406,291.7234802246094,0.9856513738632202,521.2606811523438,428.3386535644531,0.7413214445114136,459.065185546875,480.0,0.5497621297836304
2026-09-15 22:18:02.780467,454.4063415527344,288.9989013671875,0.9873281121253967,523.092529296875,422.2715759277344,0.7768688201904297,465.6647033691406,480.0,0.5660596489906311
2026-09-15 22:18:02.879368,464.4840087890625,292.04315185546875,0.9879663586616516,521.4686279296875,427.6173095703125,0.724124550819397,456.2261962890625,480.0,0.4891105592250824
2026-09-15 22:18:02.978235,465.22662353515625,288.50860595703125,0.9881786704063416,521.7923583984375,426.9243469238281,0.728967010974884,461.025634765625,480.0,0.4991064667701721
2026-09-15 22:18:03.087133,467.4827880859375,289.6865539550781,0.985537588596344,519.4676513671875,429.2083740234375,0.6840720176696777,454.2999267578125,480.0,0.41804224252700806
2026-09-15 22:18:03.189363,470.3133544921875,287.15484619140625,0.9894394278526306,518.8714599609375,430.341064453125,0.7403941750526428,454.91070556640625,480.0,0.5138179659843445
2026-09-15 22:18:03.301983,471.6853332519531,292.2624206542969,0.9871554374694824,519.1417236328125,435.173583984375,0.6995168924331665,452.484619140625,480.0,0.43634143471717834
2026-09-15 22:18:03.408992,468.75537109375,290.5398864746094,0.9880475997924805,520.778076171875,433.0213928222656,0.7250023484230042,459.6899719238281,480.0,0.4389898478984833
2026-09-15 22:18:03.519808,469.30670166015625,289.7836608886719,0.9904109239578247,522.8837280273438,426.5657958984375,0.7942337393760681,452.2622375488281,480.0,0.5276697874069214
2026-09-15 22:18:03.629225,467.0869140625,293.8179931640625,0.9885445237159729,522.715576171875,422.3365173339844,0.732662558555603,447.38153076171875,480.0,0.4715442359447479
2026-09-15 22:18:03.726053,468.7745666503906,291.14208984375,0.9905028343200684,520.745849609375,429.2599792480469,0.8247501254081726,447.5562438964844,473.614013671875,0.6369324922561646
2026-09-15 22:18:03.824536,468.28167724609375,290.82916259765625,0.9892928600311279,521.0819091796875,429.4322509765625,0.792078971862793,452.1039733886719,477.75799560546875,0.5895463824272156
2026-09-15 22:18:03.923857,467.2723388671875,286.37030029296875,0.9871342778205872,520.9454956054688,434.06781005859375,0.7591555118560791,458.2877197265625,461.27215576171875,0.5957562327384949
2026-09-15 22:18:04.026776,463.70587158203125,281.92352294921875,0.9853798747062683,519.58544921875,428.7091979980469,0.7421011924743652,483.26141357421875,448.55908203125,0.5648398995399475
2026-09-15 22:18:04.141893,468.7743835449219,289.878173828125,0.9866438508033752,531.0598754882812,434.48712158203125,0.716228723526001,488.30712890625,425.93426513671875,0.6060801148414612
2026-09-15 22:18:04.247505,454.9723205566406,287.03131103515625,0.989737331867218,553.8975830078125,393.12005615234375,0.8620293140411377,491.6251525878906,229.96905517578125,0.9211202263832092
2026-09-15 22:18:04.349116,462.80303955078125,281.5215148925781,0.9892424941062927,551.25244140625,361.47186279296875,0.8487327694892883,466.27154541015625,209.02735900878906,0.9262351393699646
2026-09-15 22:18:04.450315,447.9253234863281,282.0562744140625,0.9838533401489258,548.4036254882812,345.6993103027344,0.8360917568206787,463.28082275390625,189.02320861816406,0.9272214770317078
2026-09-15 22:18:04.546426,440.593994140625,277.65960693359375,0.9791994690895081,522.8121948242188,316.1766052246094,0.8387195467948914,428.4999694824219,171.07809448242188,0.9275161027908325
2026-09-15 22:18:04.646714,433.0919494628906,276.640625,0.9775317907333374,510.82318115234375,305.2940979003906,0.8468153476715088,423.09619140625,156.27647399902344,0.9303344488143921
2026-09-15 22:18:04.741278,434.0116271972656,281.29473876953125,0.9701303839683533,517.8214111328125,297.27789306640625,0.8354308009147644,413.47003173828125,167.94888305664062,0.9545671343803406
2026-09-15 22:18:04.847786,434.44512939453125,281.5066223144531,0.9702732563018799,516.5078735351562,300.16314697265625,0.8387104868888855,412.9556884765625,169.34127807617188,0.9534119963645935
2026-09-15 22:18:04.946368,444.62384033203125,278.47296142578125,0.9751483201980591,511.6332092285156,309.474365234375,0.8169547319412231,420.3996276855469,170.326171875,0.9176984429359436
2026-09-15 22:18:05.047093,445.83453369140625,275.6728515625,0.9803793430328369,523.871826171875,321.0340881347656,0.8300401568412781,434.42431640625,181.1313018798828,0.9167697429656982
2026-09-15 22:18:05.142180,434.5836181640625,279.89495849609375,0.981208324432373,515.7296752929688,324.65850830078125,0.8564883470535278,436.8005676269531,182.2809295654297,0.9315170049667358
2026-09-15 22:18:05.252999,458.170654296875,279.63226318359375,0.9892483353614807,542.1080322265625,360.1339416503906,0.8486833572387695,475.1072998046875,215.34579467773438,0.9188269376754761
2026-09-15 22:18:05.359067,461.530517578125,290.2645263671875,0.9889517426490784,547.6929931640625,405.43890380859375,0.8168188333511353,512.394287109375,269.9777526855469,0.8560149073600769
2026-09-15 22:18:05.475749,469.27777099609375,296.5650634765625,0.9870045781135559,548.85693359375,419.86651611328125,0.7091832160949707,515.6407470703125,293.26171875,0.7576680183410645
2026-09-15 22:18:05.580233,463.8035583496094,293.13519287109375,0.9871940016746521,532.4536743164062,446.3177490234375,0.7541052103042603,507.4794921875,378.01324462890625,0.7369905710220337
2026-09-15 22:18:05.686926,468.3434143066406,290.3806457519531,0.9805569648742676,535.050048828125,429.9931640625,0.5797053575515747,506.62744140625,463.0748291015625,0.24757659435272217
2026-09-15 22:18:05.784633,469.61199951171875,290.17291259765625,0.9865894317626953,525.96044921875,433.3496398925781,0.7425769567489624,456.9625549316406,475.26324462890625,0.5549787282943726
2026-09-15 22:18:05.894616,469.46142578125,289.9111328125,0.98544842004776,521.3479614257812,438.149658203125,0.697801947593689,454.3646240234375,475.1724853515625,0.5002670288085938
2026-09-15 22:18:05.992730,470.28314208984375,288.2732849121094,0.9838468432426453,519.864013671875,441.38983154296875,0.6466935276985168,453.3314208984375,476.175048828125,0.4422478675842285
2026-09-15 22:18:06.092719,472.8446350097656,289.29656982421875,0.9831968545913696,522.2564697265625,448.98565673828125,0.6098593473434448,447.76495361328125,480.0,0.3857060372829437
2026-09-15 22:18:06.200027,473.4051208496094,289.5768737792969,0.9818921685218811,521.6927490234375,449.23687744140625,0.5888226628303528,464.72918701171875,480.0,0.3518361449241638
2026-09-15 22:18:06.313956,476.7611389160156,285.3803405761719,0.9816495776176453,523.5135498046875,448.43463134765625,0.5770502090454102,469.69677734375,480.0,0.3042042553424835
2026-09-15 22:18:06.425521,478.72857666015625,288.9847717285156,0.9805890917778015,524.718017578125,454.64190673828125,0.5320152044296265,480.52935791015625,480.0,0.2610761523246765
2026-09-15 22:18:06.523937,481.06005859375,284.5330505371094,0.9808481931686401,530.1331787109375,448.70782470703125,0.543931245803833,487.260986328125,480.0,0.2699052393436432
2026-09-15 22:18:06.621749,483.2361145019531,286.3721008300781,0.9801888465881348,532.8065185546875,453.1571044921875,0.5160988569259644,491.2714538574219,478.58184814453125,0.258271187543869
2026-09-15 22:18:06.731581,484.5581970214844,286.8931884765625,0.9798453450202942,533.040771484375,453.3764953613281,0.5137829780578613,488.92877197265625,480.0,0.2591778039932251
2026-09-15 22:18:06.837642,487.4090576171875,286.7245178222656,0.9782543182373047,536.3160400390625,453.6475524902344,0.47444045543670654,493.8204650878906,477.3077392578125,0.24303987622261047
2026-09-15 22:18:06.951439,486.37054443359375,285.8663635253906,0.9796180129051208,533.48583984375,451.25341796875,0.5184870958328247,485.4102478027344,480.0,0.27136996388435364
2026-09-15 22:18:07.057253,486.9470520019531,286.2505187988281,0.9770563244819641,534.1414794921875,456.48590087890625,0.45409849286079407,487.2398681640625,473.97283935546875,0.23906071484088898
2026-09-15 22:18:07.161261,487.9277038574219,286.4534912109375,0.9771229028701782,535.4974365234375,458.8028564453125,0.4517330229282379,489.6783142089844,480.0,0.23141053318977356
2026-09-15 22:18:07.259924,487.0558776855469,282.3221130371094,0.9831758737564087,534.015869140625,455.5018310546875,0.6076208353042603,486.62835693359375,480.0,0.32728680968284607
2026-09-15 22:18:07.358940,488.56048583984375,282.5310363769531,0.982304573059082,533.6629028320312,458.0562438964844,0.5775937438011169,482.04193115234375,480.0,0.30032113194465637
2026-09-15 22:18:07.462273,488.4935302734375,289.1710205078125,0.9762639999389648,533.3631591796875,458.1229248046875,0.4077967703342438,489.7950744628906,476.84033203125,0.20633889734745026
2026-09-15 22:18:07.563066,488.266845703125,285.3700866699219,0.9798552989959717,537.3480224609375,451.85662841796875,0.5004855394363403,492.64111328125,480.0,0.24874816834926605
2026-09-15 22:18:07.667556,488.25537109375,286.6717224121094,0.9794220924377441,533.5935668945312,453.3731689453125,0.4890829622745514,495.6335144042969,478.08038330078125,0.24913252890110016
2026-09-15 22:18:07.775133,491.624755859375,289.0288391113281,0.9793177843093872,536.7626342773438,462.7179260253906,0.4622401297092438,497.6136169433594,472.8241271972656,0.23541447520256042
2026-09-15 22:18:07.880957,490.52520751953125,287.22637939453125,0.9784772992134094,538.5808715820312,464.2671203613281,0.4468516409397125,491.6885681152344,473.0310363769531,0.23268641531467438
2026-09-15 22:18:07.983431,489.9721374511719,286.6702575683594,0.9783276915550232,539.3048095703125,457.2216796875,0.45426511764526367,499.0086364746094,472.1322937011719,0.23576976358890533
2026-09-15 22:18:08.083785,489.37335205078125,285.9560546875,0.9784693121910095,534.8169555664062,460.8091735839844,0.46856245398521423,481.1202697753906,478.246337890625,0.24509775638580322
2026-09-15 22:18:08.177949,490.9076232910156,288.465087890625,0.9791668057441711,535.861572265625,461.457763671875,0.4631565511226654,494.2581787109375,476.65057373046875,0.23380132019519806
2026-09-15 22:18:08.277804,489.3149108886719,287.0854187011719,0.9793404340744019,535.7247924804688,456.7004699707031,0.4823029339313507,494.46148681640625,474.6279602050781,0.2611892819404602
2026-09-15 22:18:08.389059,488.6985778808594,287.1136169433594,0.9826516509056091,536.8731689453125,453.22607421875,0.5671143531799316,501.6325988769531,477.409423828125,0.3238246738910675
2026-09-15 22:18:08.501960,494.3722229003906,288.6366271972656,0.9802969694137573,535.1309814453125,461.8145751953125,0.4703215956687927,498.91973876953125,477.00494384765625,0.2570324242115021
2026-09-15 22:18:08.598639,499.9208984375,285.6117248535156,0.9767102599143982,539.3943481445312,459.29168701171875,0.4820062816143036,507.43701171875,480.0,0.27758413553237915
2026-09-15 22:18:08.704300,500.75433349609375,282.8682556152344,0.9751562476158142,540.6975708007812,449.8433837890625,0.46897029876708984,511.34912109375,480.0,0.2432490736246109
2026-09-15 22:18:08.806822,503.48822021484375,281.8946838378906,0.9797018766403198,545.3101806640625,449.1304016113281,0.509086549282074,525.2440795898438,480.0,0.282444566488266
2026-09-15 22:18:08.911906,505.9313659667969,280.52276611328125,0.9762656092643738,546.37939453125,451.6875915527344,0.45989635586738586,523.0111694335938,479.7716064453125,0.24331268668174744
2026-09-15 22:18:09.012626,505.618896484375,283.3019104003906,0.9745628237724304,548.7418212890625,456.5439453125,0.414309561252594,517.7655029296875,479.7684326171875,0.2111237347126007
2026-09-15 22:18:09.112465,505.27020263671875,278.3121337890625,0.9740583300590515,547.807373046875,448.84912109375,0.4244367182254791,517.4874267578125,479.7843017578125,0.21231518685817719
2026-09-15 22:18:09.213425,506.08831787109375,281.7267761230469,0.9740650057792664,547.1202392578125,455.65985107421875,0.407777339220047,510.53179931640625,480.0,0.2054305225610733
